order_id,customer_id,order_date,channel,region
1,88,2025-02-16,Retail,East
2,182,2025-04-29,Retail,North
3,157,2026-01-18,Retail,West
4,91,2025-06-22,Retail,West
5,104,2026-01-30,Online,West
6,50,2025-05-31,Partner,East
7,33,2025-06-30,Online,South
8,126,2025-03-19,Partner,South
9,156,2025-12-12,Partner,North
10,20,2025-05-01,Online,East
11,109,2025-04-09,Partner,North
12,74,2025-09-22,Online,East
13,7,2025-03-28,Online,South
14,24,2025-10-08,Retail,East
15,81,2025-06-19,Retail,South
16,53,2025-06-26,Partner,North
17,24,2025-06-05,Online,East
18,131,2026-02-06,Retail,East
19,69,2025-02-11,Retail,West
20,12,2025-07-22,Partner,East
21,4,2025-04-24,Retail,North
22,167,2025-03-23,Retail,East
23,26,2025-12-31,Partner,South
24,44,2025-05-10,Online,East
25,177,2025-06-18,Retail,West
26,180,2025-07-11,Online,East
27,57,2026-01-01,Online,West
28,188,2025-04-18,Online,West
29,76,2025-08-02,Online,East
30,143,2025-08-16,Online,East
31,173,2026-01-20,Retail,East
32,180,2025-07-14,Partner,East
33,127,2025-04-10,Online,North
34,114,2025-09-25,Online,West
35,16,2025-09-01,Retail,North
36,165,2026-01-03,Partner,South
37,145,2025-05-26,Online,North
38,151,2025-07-25,Online,North
39,129,2025-06-03,Partner,South
40,141,2026-02-09,Retail,East
41,107,2025-03-30,Retail,East
42,34,2025-11-21,Online,West
43,185,2025-03-08,Retail,West
44,147,2025-06-05,Retail,South
45,97,2025-09-12,Retail,West
46,40,2025-05-01,Partner,South
47,156,2025-09-24,Retail,West
48,125,2025-11-06,Partner,West
49,2,2025-05-25,Retail,North
50,34,2025-08-23,Partner,North
51,84,2025-05-08,Partner,East
52,86,2025-05-07,Online,South
53,115,2026-01-24,Partner,West
54,116,2025-03-01,Online,West
55,147,2026-01-09,Online,West
56,100,2025-09-07,Retail,South
57,170,2025-04-23,Retail,West
58,80,2025-05-13,Online,West
59,42,2025-05-13,Partner,North
60,95,2026-01-23,Partner,East
61,183,2025-11-01,Online,West
62,38,2025-09-21,Online,North
63,38,2025-04-21,Online,West
64,136,2025-09-14,Online,West
65,153,2025-11-11,Online,North
66,135,2025-08-13,Online,South
67,35,2025-03-04,Retail,West
68,17,2025-10-02,Online,West
69,122,2025-06-19,Online,North
70,99,2025-08-02,Online,East
71,79,2025-09-26,Partner,East
72,164,2025-03-11,Online,East
73,200,2026-01-06,Retail,West
74,64,2025-04-09,Online,North
75,116,2025-05-09,Partner,East
76,171,2025-08-06,Partner,South
77,34,2025-12-20,Online,South
78,175,2025-11-01,Retail,North
79,51,2026-01-01,Partner,West
80,40,2025-05-08,Partner,West
81,124,2025-06-15,Partner,East
82,188,2025-08-05,Retail,North
83,158,2025-09-12,Online,North
84,6,2025-03-28,Retail,East
85,74,2025-11-11,Online,South
86,116,2025-11-18,Retail,South
87,51,2025-12-15,Partner,East
88,87,2025-10-27,Partner,East
89,162,2025-12-24,Retail,North
90,106,2026-01-29,Online,East
91,174,2026-01-24,Partner,West
92,102,2025-08-05,Online,West
93,168,2025-06-21,Partner,East
94,158,2025-12-07,Online,North
95,14,2025-04-02,Retail,West
96,197,2025-03-27,Partner,North
97,73,2025-09-30,Partner,East
98,166,2025-06-21,Partner,North
99,173,2025-05-19,Online,East
100,78,2025-12-05,Partner,South
101,177,2025-04-11,Partner,West
102,196,2025-06-16,Partner,South
103,131,2025-09-26,Online,East
104,186,2025-02-21,Retail,West
105,109,2025-08-05,Partner,South
106,35,2026-01-10,Retail,South
107,119,2026-01-20,Partner,East
108,173,2026-02-05,Online,North
109,194,2025-03-10,Online,West
110,61,2025-07-14,Online,North
111,82,2026-02-01,Retail,East
112,182,2025-04-24,Retail,South
113,49,2025-12-07,Partner,North
114,102,2025-06-12,Partner,West
115,195,2025-07-23,Online,West
116,40,2025-05-21,Retail,North
117,44,2025-04-22,Partner,East
118,172,2025-03-06,Online,East
119,96,2025-03-12,Partner,East
120,135,2025-04-27,Online,North
121,142,2025-10-11,Online,South
122,136,2025-03-03,Online,North
123,62,2025-11-27,Retail,West
124,153,2025-09-01,Retail,South
125,76,2025-06-16,Partner,South
126,190,2025-08-28,Retail,West
127,93,2025-06-28,Online,North
128,132,2025-09-06,Online,South
129,84,2025-08-26,Online,West
130,43,2025-09-20,Retail,East
131,35,2025-07-15,Online,East
132,123,2025-07-20,Online,East
133,52,2025-12-10,Partner,North
134,123,2025-12-05,Retail,East
135,28,2025-02-15,Online,West
136,119,2026-01-23,Partner,North
137,53,2025-11-03,Retail,West
138,133,2025-05-10,Partner,North
139,51,2025-09-28,Partner,East
140,136,2026-01-03,Retail,East
141,36,2025-12-01,Retail,East
142,36,2025-05-16,Retail,East
143,195,2025-06-02,Retail,South
144,30,2025-06-27,Partner,West
145,199,2025-06-11,Online,West
146,174,2025-03-30,Online,East
147,64,2025-04-25,Partner,West
148,97,2025-09-29,Online,South
149,56,2025-09-17,Online,East
150,26,2025-12-27,Retail,South
151,110,2025-05-24,Partner,North
152,186,2026-02-03,Online,East
153,20,2025-04-18,Partner,North
154,165,2026-01-22,Online,South
155,90,2025-09-17,Retail,North
156,200,2026-01-29,Online,West
157,127,2025-08-26,Online,North
158,5,2025-12-07,Online,South
159,22,2026-01-03,Partner,North
160,80,2026-02-02,Retail,North
161,117,2025-12-20,Partner,South
162,43,2025-08-19,Online,West
163,70,2025-11-05,Online,West
164,63,2025-03-05,Retail,West
165,173,2025-03-08,Online,North
166,127,2025-05-21,Partner,North
167,86,2025-02-10,Partner,East
168,106,2026-02-03,Retail,East
169,20,2025-12-10,Partner,South
170,200,2025-12-06,Online,North
171,31,2025-11-11,Retail,North
172,92,2025-08-31,Partner,South
173,32,2025-02-16,Online,North
174,6,2025-03-15,Online,East
175,111,2025-08-31,Retail,South
176,106,2025-11-18,Retail,South
177,165,2025-11-06,Online,South
178,15,2025-10-09,Partner,West
179,8,2026-02-05,Partner,West
180,88,2025-05-11,Retail,South
181,199,2025-04-07,Partner,West
182,151,2025-04-02,Retail,West
183,92,2025-06-04,Partner,North
184,57,2026-01-03,Partner,South
185,64,2026-01-30,Online,West
186,90,2025-11-16,Retail,South
187,97,2025-05-03,Partner,South
188,68,2026-01-14,Retail,West
189,110,2025-03-26,Retail,East
190,79,2025-09-01,Retail,East
191,58,2025-06-27,Partner,South
192,59,2025-11-20,Online,East
193,45,2025-05-06,Online,North
194,153,2025-06-22,Retail,South
195,71,2025-11-03,Retail,South
196,147,2025-12-18,Retail,South
197,177,2025-06-11,Online,East
198,35,2025-07-13,Partner,East
199,96,2025-03-10,Partner,North
200,200,2025-11-05,Partner,South
201,181,2025-05-22,Retail,West
202,42,2025-06-22,Partner,South
203,6,2026-01-25,Online,East
204,183,2026-02-08,Partner,West
205,144,2026-01-07,Partner,West
206,49,2025-04-27,Partner,North
207,175,2025-04-22,Partner,South
208,172,2025-08-12,Partner,West
209,186,2025-11-23,Online,West
210,108,2025-07-29,Retail,West
211,39,2025-04-21,Online,West
212,148,2025-05-02,Retail,South
213,137,2025-05-23,Partner,West
214,49,2025-02-19,Partner,South
215,43,2025-03-15,Online,West
216,43,2025-09-04,Online,North
217,183,2026-01-09,Online,East
218,114,2025-08-23,Online,West
219,131,2025-12-23,Online,West
220,52,2025-06-24,Partner,North
221,172,2025-03-27,Online,East
222,76,2025-06-25,Retail,South
223,93,2026-01-22,Retail,East
224,170,2026-01-07,Online,West
225,70,2025-08-26,Partner,East
226,157,2025-02-24,Partner,North
227,58,2026-01-18,Retail,South
228,43,2025-03-20,Retail,West
229,21,2025-10-03,Retail,East
230,128,2026-01-10,Online,South
231,58,2025-09-30,Retail,East
232,12,2025-05-05,Retail,North
233,32,2025-09-28,Retail,North
234,156,2025-07-24,Partner,East
235,81,2026-02-09,Partner,North
236,129,2025-11-14,Partner,West
237,147,2026-01-17,Partner,East
238,53,2025-11-14,Online,West
239,100,2025-09-11,Partner,West
240,48,2025-05-09,Partner,South
241,14,2025-12-27,Partner,West
242,104,2025-03-29,Retail,North
243,193,2026-01-08,Online,South
244,99,2025-06-21,Partner,West
245,132,2025-10-28,Retail,East
246,22,2025-03-31,Online,South
247,176,2025-09-15,Online,North
248,59,2025-06-22,Retail,East
249,92,2025-10-25,Online,West
250,76,2025-12-31,Online,West
251,79,2025-05-28,Partner,West
252,65,2025-05-20,Online,North
253,26,2025-07-05,Partner,South
254,146,2025-08-15,Retail,East
255,174,2025-07-29,Retail,East
256,130,2025-12-30,Online,East
257,102,2025-08-15,Partner,South
258,145,2025-11-26,Partner,North
259,12,2025-03-02,Partner,West
260,190,2025-06-24,Partner,North
261,2,2025-10-24,Online,East
262,155,2025-04-11,Partner,North
263,162,2025-10-30,Online,North
264,104,2025-12-13,Partner,South
265,197,2025-05-14,Partner,West
266,99,2025-04-18,Online,South
267,158,2025-12-14,Online,South
268,139,2025-02-10,Partner,East
269,105,2025-06-21,Online,South
270,97,2026-01-11,Online,West
271,124,2025-05-12,Retail,East
272,26,2025-05-30,Partner,East
273,154,2025-09-20,Online,South
274,15,2025-05-10,Partner,East
275,41,2025-03-26,Retail,East
276,58,2025-12-17,Online,East
277,65,2026-01-31,Retail,East
278,138,2025-02-14,Partner,West
279,122,2025-07-20,Retail,North
280,158,2025-02-13,Partner,South
281,123,2025-11-13,Online,West
282,157,2025-06-22,Online,West
283,180,2025-08-19,Retail,East
284,51,2025-04-25,Partner,North
285,16,2025-05-31,Retail,East
286,93,2025-11-23,Partner,West
287,91,2025-07-26,Partner,East
288,21,2025-05-03,Retail,North
289,106,2025-05-06,Online,South
290,25,2025-03-14,Retail,South
291,27,2025-06-24,Partner,North
292,189,2025-07-05,Retail,North
293,139,2025-06-29,Partner,East
294,112,2025-11-05,Partner,West
295,89,2025-07-06,Retail,South
296,184,2026-01-06,Retail,East
297,73,2026-01-08,Partner,West
298,6,2025-05-16,Online,West
299,96,2025-10-05,Partner,South
300,98,2025-02-16,Online,North
301,191,2025-11-18,Partner,South
302,4,2025-05-06,Retail,South
303,195,2025-12-27,Online,South
304,188,2025-05-19,Online,East
305,90,2025-07-25,Partner,East
306,199,2026-01-02,Partner,East
307,169,2025-11-12,Retail,North
308,26,2025-02-26,Partner,East
309,93,2025-11-22,Partner,East
310,25,2025-04-02,Partner,North
311,141,2025-09-03,Partner,West
312,96,2025-09-09,Partner,East
313,186,2025-02-27,Retail,South
314,94,2025-12-05,Online,North
315,25,2025-12-11,Partner,West
316,198,2025-07-31,Retail,East
317,84,2025-10-25,Partner,North
318,57,2025-09-19,Retail,East
319,103,2025-10-24,Retail,North
320,64,2025-06-14,Online,West
321,158,2025-09-24,Partner,North
322,4,2025-08-04,Partner,South
323,187,2025-04-23,Partner,South
324,170,2026-01-13,Retail,South
325,131,2026-02-08,Online,West
326,191,2025-05-01,Online,West
327,143,2025-07-03,Online,North
328,62,2025-11-30,Online,East
329,80,2026-01-28,Partner,North
330,106,2025-09-08,Retail,East
331,60,2025-06-08,Partner,South
332,122,2025-04-21,Online,North
333,194,2025-05-25,Online,North
334,191,2025-11-29,Partner,South
335,119,2025-05-06,Retail,West
336,152,2026-02-09,Online,East
337,184,2025-04-14,Online,South
338,42,2025-04-25,Online,South
339,140,2025-02-12,Partner,East
340,2,2025-06-15,Partner,West
341,42,2026-01-20,Retail,North
342,32,2026-01-31,Retail,West
343,158,2025-11-25,Retail,East
344,12,2025-07-30,Retail,North
345,18,2025-07-17,Retail,West
346,186,2025-11-28,Partner,South
347,124,2025-04-30,Partner,East
348,8,2025-08-02,Retail,North
349,29,2025-08-20,Online,North
350,129,2025-04-29,Online,West
351,30,2025-02-12,Retail,South
352,172,2025-04-11,Retail,North
353,90,2025-11-18,Retail,West
354,139,2025-09-25,Online,North
355,14,2025-03-26,Retail,East
356,51,2026-02-10,Partner,South
357,67,2025-08-15,Retail,North
358,73,2025-08-07,Partner,North
359,178,2025-12-09,Retail,East
360,18,2025-12-13,Online,East
361,137,2025-07-09,Retail,East
362,23,2025-12-05,Online,East
363,92,2025-04-07,Retail,South
364,112,2025-11-16,Online,North
365,169,2025-09-21,Online,South
366,131,2025-09-15,Partner,East
367,146,2025-10-15,Partner,West
368,37,2025-11-06,Retail,East
369,147,2025-07-29,Retail,West
370,44,2025-11-30,Online,West
371,95,2025-05-10,Retail,North
372,186,2026-01-02,Online,North
373,112,2025-02-16,Retail,East
374,119,2026-01-21,Partner,North
375,65,2025-05-19,Online,South
376,164,2025-09-30,Retail,East
377,46,2025-09-23,Online,East
378,56,2025-12-21,Partner,South
379,39,2026-02-03,Retail,East
380,15,2025-12-30,Partner,South
381,77,2026-02-01,Retail,South
382,126,2025-08-28,Online,West
383,39,2025-12-03,Online,South
384,121,2025-12-23,Online,North
385,152,2025-03-14,Online,South
386,196,2025-03-05,Partner,North
387,11,2025-04-19,Online,East
388,73,2025-09-11,Partner,East
389,157,2026-01-30,Online,North
390,130,2025-06-02,Retail,North
391,54,2025-09-20,Retail,West
392,192,2026-01-22,Retail,North
393,52,2025-08-21,Online,South
394,52,2025-07-31,Online,South
395,126,2025-05-31,Partner,East
396,11,2025-10-08,Partner,South
397,62,2026-01-07,Online,South
398,161,2025-10-05,Partner,South
399,76,2025-09-16,Retail,North
400,132,2026-01-21,Retail,South
401,94,2025-08-16,Online,South
402,14,2025-03-14,Retail,West
403,23,2025-03-23,Retail,North
404,76,2025-09-11,Partner,North
405,125,2025-12-10,Partner,East
406,42,2026-02-09,Partner,West
407,82,2025-12-01,Online,East
408,78,2025-04-13,Online,East
409,187,2025-09-24,Retail,South
410,150,2025-11-06,Online,West
411,82,2025-12-15,Partner,South
412,23,2025-05-31,Partner,East
413,86,2025-03-15,Partner,East
414,107,2025-05-10,Partner,East
415,164,2026-01-01,Retail,South
416,149,2025-10-14,Partner,East
417,38,2025-07-23,Retail,North
418,50,2025-12-28,Online,South
419,106,2025-08-03,Online,South
420,137,2026-02-09,Partner,South
421,45,2026-02-08,Retail,South
422,177,2025-06-06,Retail,North
423,194,2025-09-18,Online,North
424,121,2025-04-11,Retail,South
425,32,2025-12-15,Online,North
426,129,2025-12-20,Online,South
427,56,2025-05-19,Retail,North
428,105,2025-04-08,Retail,South
429,176,2025-09-25,Online,East
430,102,2025-09-22,Partner,South
431,27,2025-05-07,Online,West
432,186,2025-10-23,Retail,West
433,8,2025-04-01,Partner,South
434,98,2025-12-16,Partner,West
435,120,2025-05-24,Retail,East
436,46,2025-11-22,Partner,West
437,173,2025-10-19,Partner,East
438,12,2025-04-16,Retail,West
439,30,2025-08-01,Online,South
440,26,2026-01-29,Partner,North
441,138,2025-05-30,Retail,West
442,160,2025-03-29,Partner,South
443,132,2025-09-30,Partner,North
444,148,2025-10-23,Online,East
445,38,2025-06-13,Online,West
446,50,2025-02-24,Online,West
447,15,2025-03-24,Retail,West
448,102,2025-04-22,Online,South
449,56,2025-04-24,Online,North
450,180,2025-04-08,Retail,East
451,65,2025-11-19,Retail,West
452,77,2025-05-28,Online,East
453,184,2025-09-14,Online,North
454,162,2025-09-25,Partner,North
455,148,2025-03-24,Online,North
456,116,2025-10-12,Partner,North
457,58,2025-02-20,Online,North
458,13,2025-09-03,Partner,East
459,34,2025-09-18,Online,North
460,95,2025-12-05,Partner,East
461,178,2025-09-01,Partner,North
462,182,2025-03-05,Online,West
463,67,2025-04-10,Retail,South
464,157,2025-06-25,Partner,West
465,67,2025-05-04,Partner,East
466,47,2025-05-07,Partner,West
467,83,2025-04-29,Online,South
468,34,2025-05-29,Online,West
469,23,2025-02-20,Online,North
470,132,2025-05-23,Retail,East
471,174,2025-06-04,Partner,North
472,13,2025-11-19,Online,South
473,81,2025-12-07,Partner,East
474,4,2025-05-08,Partner,East
475,4,2025-05-18,Online,South
476,49,2025-03-26,Retail,East
477,121,2025-02-20,Retail,North
478,107,2025-10-21,Partner,West
479,186,2025-12-20,Partner,East
480,166,2025-09-11,Retail,South
481,155,2026-01-12,Retail,North
482,171,2025-10-15,Online,North
483,143,2025-03-06,Online,West
484,31,2025-11-24,Online,East
485,113,2025-10-02,Online,South
486,40,2026-01-07,Retail,West
487,88,2025-07-06,Partner,North
488,93,2025-12-29,Partner,North
489,118,2025-11-01,Partner,West
490,18,2025-03-25,Retail,West
491,89,2025-02-14,Retail,North
492,86,2025-08-28,Partner,North
493,67,2025-12-28,Partner,West
494,77,2025-11-30,Partner,South
495,134,2025-06-16,Online,West
496,144,2025-11-02,Retail,West
497,122,2025-02-26,Partner,North
498,151,2025-09-13,Online,West
499,145,2025-09-29,Retail,East
500,60,2025-08-31,Retail,South
501,139,2025-12-02,Online,North
502,156,2025-07-24,Retail,South
503,47,2025-06-20,Online,North
504,37,2025-09-09,Retail,West
505,142,2025-09-06,Online,East
506,69,2025-11-20,Partner,South
507,163,2025-10-24,Online,North
508,75,2026-01-10,Online,South
509,175,2025-08-23,Retail,North
510,163,2025-06-23,Partner,East
511,122,2025-02-12,Online,North
512,154,2025-08-12,Retail,North
513,114,2025-02-14,Online,South
514,10,2025-07-03,Retail,North
515,146,2025-10-24,Retail,North
516,178,2026-01-23,Partner,West
517,13,2025-07-02,Retail,East
518,64,2025-05-21,Online,West
519,62,2025-08-03,Online,West
520,15,2025-07-14,Partner,East
521,76,2025-08-24,Retail,South
522,50,2025-04-06,Online,South
523,150,2025-09-21,Partner,West
524,15,2025-06-11,Partner,South
525,77,2025-09-12,Retail,North
526,164,2025-06-04,Partner,North
527,8,2025-11-21,Online,North
528,68,2025-05-10,Retail,North
529,98,2026-01-11,Online,West
530,160,2025-09-20,Partner,South
531,137,2025-08-22,Partner,West
532,64,2025-03-09,Partner,West
533,170,2025-12-21,Online,North
534,167,2025-02-28,Online,North
535,41,2025-08-20,Retail,South
536,132,2025-12-25,Retail,East
537,132,2025-11-16,Partner,South
538,191,2026-01-25,Retail,North
539,59,2025-05-28,Retail,North
540,33,2025-07-16,Partner,South
541,40,2025-07-29,Partner,East
542,46,2025-02-26,Partner,East
543,73,2025-05-26,Online,West
544,111,2026-02-08,Partner,East
545,52,2025-02-13,Online,East
546,135,2025-07-28,Partner,East
547,188,2025-09-19,Retail,East
548,71,2025-12-28,Partner,West
549,127,2025-09-08,Partner,South
550,7,2025-03-19,Partner,East
551,141,2026-01-12,Online,East
552,76,2025-04-14,Partner,East
553,183,2025-02-27,Partner,North
554,96,2025-06-12,Online,South
555,50,2026-01-24,Partner,South
556,84,2025-07-25,Partner,North
557,167,2025-12-26,Retail,South
558,128,2025-04-03,Partner,North
559,5,2025-12-18,Partner,East
560,36,2025-08-20,Retail,West
561,190,2025-07-28,Online,West
562,88,2025-06-14,Online,South
563,114,2025-12-29,Online,South
564,43,2025-05-22,Online,East
565,21,2025-08-13,Retail,East
566,6,2025-08-24,Retail,South
567,124,2025-03-18,Retail,North
568,19,2025-09-07,Online,South
569,123,2025-02-27,Retail,South
570,170,2025-05-03,Online,South
571,181,2025-12-07,Online,North
572,37,2025-06-27,Partner,North
573,181,2025-04-19,Online,East
574,195,2025-05-19,Retail,East
575,3,2025-03-13,Retail,South
576,171,2025-09-02,Retail,South
577,72,2026-02-03,Online,West
578,60,2025-12-17,Retail,East
579,78,2026-01-20,Partner,East
580,193,2026-01-13,Partner,South
581,99,2025-07-03,Online,West
582,184,2025-08-24,Partner,East
583,49,2025-04-10,Partner,West
584,49,2025-08-27,Retail,West
585,81,2025-04-25,Retail,North
586,127,2025-07-09,Partner,East
587,188,2025-06-05,Partner,South
588,109,2026-01-23,Retail,West
589,118,2026-01-11,Online,North
590,97,2025-09-16,Partner,North
591,14,2025-04-11,Partner,West
592,71,2025-12-30,Partner,East
593,152,2025-05-13,Retail,East
594,150,2025-11-12,Partner,South
595,115,2025-07-20,Online,South
596,22,2025-04-14,Partner,West
597,36,2025-12-02,Retail,West
598,187,2025-12-25,Retail,South
599,155,2025-05-04,Retail,North
600,17,2025-07-28,Partner,South
601,32,2025-05-10,Partner,West
602,123,2025-12-10,Online,West
603,37,2025-08-22,Partner,West
604,182,2025-06-17,Partner,East
605,24,2025-12-31,Online,South
606,109,2026-01-22,Partner,North
607,176,2025-12-18,Online,East
608,132,2025-08-09,Online,East
609,101,2025-06-01,Retail,South
610,111,2025-10-19,Online,South
611,42,2025-04-22,Retail,East
612,73,2025-03-02,Online,East
613,193,2025-09-02,Partner,East
614,14,2026-01-23,Retail,East
615,122,2026-02-06,Online,North
616,71,2025-05-19,Online,East
617,98,2025-09-06,Partner,West
618,29,2025-06-27,Retail,West
619,156,2025-04-02,Retail,North
620,191,2025-12-08,Partner,West
621,31,2025-03-03,Partner,North
622,195,2025-05-24,Partner,North
623,195,2025-11-23,Retail,West
624,12,2025-11-26,Online,North
625,1,2025-05-02,Partner,North
626,164,2025-04-26,Retail,North
627,84,2025-03-24,Partner,West
628,57,2025-07-03,Online,West
629,28,2026-01-28,Retail,West
630,48,2025-05-11,Online,East
631,18,2025-04-24,Online,East
632,155,2025-04-02,Retail,East
633,34,2025-06-17,Online,West
634,182,2025-03-25,Online,North
635,27,2025-11-15,Retail,South
636,58,2025-04-03,Retail,West
637,12,2025-12-16,Online,North
638,183,2025-03-21,Online,North
639,187,2025-07-02,Online,South
640,36,2026-01-10,Online,East
641,1,2025-05-25,Online,West
642,188,2025-02-23,Partner,East
643,63,2025-03-21,Online,East
644,106,2025-08-01,Retail,South
645,142,2026-02-09,Retail,West
646,191,2025-05-29,Retail,South
647,123,2025-07-20,Partner,East
648,139,2025-04-05,Online,North
649,193,2025-07-04,Retail,North
650,7,2025-12-07,Retail,East
651,167,2025-11-04,Retail,East
652,62,2025-05-27,Partner,South
653,141,2025-03-26,Retail,South
654,196,2025-09-24,Partner,North
655,103,2025-09-07,Partner,North
656,3,2025-04-30,Online,West
657,102,2025-09-19,Online,East
658,38,2026-01-03,Online,West
659,77,2026-02-09,Retail,East
660,100,2025-02-15,Partner,North
661,83,2026-01-16,Partner,West
662,82,2025-04-09,Partner,East
663,108,2026-02-01,Partner,North
664,139,2025-09-16,Partner,West
665,46,2025-11-20,Partner,North
666,140,2025-04-02,Partner,East
667,130,2025-07-05,Retail,West
668,190,2025-12-14,Retail,West
669,14,2025-12-02,Retail,North
670,142,2025-05-02,Retail,North
671,40,2025-02-24,Partner,South
672,22,2025-04-24,Partner,South
673,161,2025-03-21,Online,East
674,89,2025-10-15,Partner,South
675,133,2025-10-30,Online,North
676,24,2025-08-07,Partner,West
677,185,2025-10-17,Retail,East
678,131,2025-06-19,Partner,East
679,48,2025-08-12,Online,South
680,184,2025-07-28,Online,East
681,82,2025-05-22,Online,South
682,2,2025-10-04,Retail,North
683,199,2025-07-20,Retail,South
684,177,2025-09-21,Online,North
685,138,2025-02-12,Partner,South
686,36,2025-12-05,Retail,South
687,134,2025-11-07,Online,East
688,178,2025-03-21,Online,East
689,99,2025-05-17,Retail,South
690,57,2025-08-15,Retail,East
691,170,2025-11-08,Retail,West
692,70,2025-08-18,Online,South
693,29,2025-06-02,Online,South
694,26,2025-07-01,Online,East
695,48,2025-10-25,Partner,East
696,110,2025-07-31,Online,North
697,121,2025-04-07,Online,South
698,91,2025-07-14,Partner,West
699,190,2026-02-01,Retail,West
700,161,2026-01-23,Partner,East
701,74,2025-04-07,Online,East
702,78,2025-10-17,Retail,South
703,13,2025-06-18,Online,West
704,111,2025-12-06,Online,West
705,67,2025-07-14,Partner,West
706,65,2025-04-20,Retail,North
707,178,2025-07-20,Partner,West
708,132,2025-08-20,Online,West
709,119,2025-11-02,Retail,South
710,86,2025-12-11,Online,West
711,125,2025-12-26,Partner,North
712,134,2025-03-31,Online,North
713,101,2025-03-10,Online,West
714,44,2025-10-29,Partner,North
715,31,2025-11-25,Retail,South
716,100,2025-10-30,Online,North
717,72,2026-01-13,Retail,East
718,156,2026-01-13,Online,West
719,18,2025-03-05,Online,North
720,27,2025-05-10,Partner,East
721,97,2025-04-19,Partner,North
722,136,2025-05-19,Online,South
723,93,2025-09-06,Partner,South
724,159,2025-11-23,Online,South
725,75,2025-06-18,Retail,West
726,137,2025-12-01,Online,West
727,188,2025-07-28,Partner,South
728,154,2025-12-20,Online,East
729,111,2025-10-12,Retail,North
730,137,2025-12-18,Retail,South
731,151,2025-02-15,Online,East
732,123,2026-01-12,Online,South
733,57,2025-09-25,Partner,West
734,181,2025-12-25,Retail,West
735,60,2025-07-16,Partner,North
736,10,2025-06-10,Partner,East
737,99,2025-09-25,Online,North
738,196,2025-08-07,Online,West
739,28,2025-11-20,Retail,West
740,87,2025-11-29,Retail,South
741,92,2025-10-13,Partner,North
742,159,2026-01-11,Online,North
743,113,2025-12-03,Retail,South
744,147,2025-08-19,Partner,East
745,7,2025-07-27,Partner,West
746,152,2025-02-23,Online,North
747,169,2025-04-27,Retail,South
748,162,2025-11-17,Partner,East
749,178,2025-06-13,Retail,East
750,146,2025-04-15,Partner,North
751,47,2025-09-30,Online,North
752,191,2025-04-02,Online,South
753,87,2025-08-01,Partner,South
754,105,2025-12-29,Retail,East
755,98,2025-07-24,Retail,North
756,189,2025-05-28,Retail,West
757,53,2025-11-19,Partner,North
758,138,2025-05-20,Online,East
759,110,2025-09-25,Partner,North
760,91,2025-03-22,Partner,North
761,117,2025-12-29,Partner,South
762,163,2025-12-28,Online,North
763,188,2025-10-22,Retail,North
764,143,2025-12-19,Online,North
765,162,2025-12-05,Online,West
766,194,2025-07-07,Retail,East
767,126,2025-12-14,Retail,North
768,16,2025-11-24,Retail,West
769,79,2025-09-27,Retail,North
770,17,2026-01-11,Online,North
771,188,2025-06-17,Online,South
772,125,2025-03-03,Online,West
773,22,2025-03-21,Online,East
774,39,2025-03-30,Partner,East
775,71,2025-10-02,Online,South
776,130,2025-06-15,Retail,South
777,165,2025-07-19,Retail,North
778,152,2025-06-17,Online,North
779,154,2025-09-06,Online,West
780,182,2025-10-15,Partner,South
781,194,2025-02-16,Online,South
782,125,2025-04-22,Partner,East
783,158,2026-02-10,Retail,West
784,80,2026-02-04,Online,North
785,160,2025-10-07,Partner,North
786,89,2025-12-28,Online,North
787,20,2025-12-10,Online,South
788,85,2025-12-01,Partner,West
789,109,2026-01-16,Retail,West
790,136,2025-03-22,Partner,North
791,176,2025-04-12,Partner,East
792,98,2025-08-20,Online,South
793,65,2025-10-25,Online,West
794,12,2026-02-01,Partner,West
795,27,2025-03-01,Retail,South
796,86,2026-01-20,Retail,North
797,105,2025-05-09,Partner,South
798,47,2025-03-26,Online,West
799,46,2025-07-02,Online,West
800,116,2025-12-30,Partner,North
801,146,2025-05-28,Partner,East
802,67,2025-06-01,Retail,West
803,122,2025-04-22,Retail,West
804,86,2025-08-01,Partner,South
805,158,2025-10-01,Partner,East
806,199,2025-06-27,Partner,East
807,102,2025-05-05,Retail,South
808,112,2025-03-28,Partner,North
809,176,2025-08-30,Partner,North
810,153,2025-08-30,Partner,South
811,157,2025-12-13,Retail,South
812,168,2025-05-13,Retail,North
813,89,2026-01-27,Partner,South
814,109,2025-06-22,Partner,South
815,67,2025-05-22,Partner,East
816,139,2025-06-26,Online,West
817,45,2025-03-25,Partner,South
818,63,2025-11-05,Partner,East
819,156,2026-01-02,Online,East
820,158,2025-10-31,Partner,North
821,71,2026-01-28,Online,West
822,182,2025-07-26,Online,South
823,54,2025-11-09,Partner,North
824,116,2026-01-21,Retail,South
825,193,2025-07-05,Partner,East
826,55,2025-04-07,Partner,West
827,108,2025-12-13,Retail,West
828,194,2025-10-05,Retail,East
829,168,2025-05-09,Partner,South
830,43,2025-11-28,Partner,East
831,142,2025-10-29,Online,North
832,114,2025-06-13,Online,East
833,184,2025-11-12,Online,South
834,195,2025-12-03,Online,North
835,182,2025-10-19,Online,West
836,7,2025-06-03,Retail,West
837,38,2025-12-18,Retail,East
838,104,2025-10-12,Partner,North
839,124,2025-05-10,Retail,East
840,53,2025-06-04,Online,West
841,85,2025-10-27,Online,West
842,69,2025-11-19,Retail,South
843,59,2025-06-14,Partner,East
844,125,2025-07-13,Partner,South
845,124,2025-10-31,Retail,West
846,125,2025-02-13,Retail,East
847,79,2025-07-23,Partner,East
848,147,2026-01-20,Online,West
849,133,2025-10-10,Partner,East
850,116,2025-07-17,Retail,East
851,83,2025-09-16,Retail,West
852,64,2025-07-03,Partner,East
853,138,2025-08-18,Retail,West
854,84,2025-09-09,Online,North
855,93,2025-09-26,Partner,North
856,66,2025-12-16,Partner,South
857,132,2025-08-20,Online,East
858,73,2025-12-01,Retail,South
859,137,2025-05-02,Partner,South
860,6,2025-09-03,Partner,West
861,83,2025-09-16,Online,West
862,40,2025-05-17,Online,North
863,169,2025-05-27,Online,West
864,32,2025-08-21,Online,East
865,32,2025-03-29,Online,South
866,107,2025-05-18,Online,South
867,167,2026-01-05,Retail,East
868,12,2025-04-23,Online,North
869,94,2025-04-07,Online,South
870,105,2025-03-05,Partner,East
871,121,2025-06-21,Online,West
872,27,2025-06-17,Online,West
873,148,2025-06-26,Online,West
874,61,2025-05-03,Retail,West
875,49,2025-12-28,Partner,East
876,198,2025-11-18,Retail,South
877,29,2025-04-12,Partner,West
878,47,2025-09-01,Partner,North
879,154,2025-04-28,Partner,South
880,13,2025-09-03,Retail,East
881,42,2025-06-14,Retail,North
882,195,2025-07-27,Online,South
883,98,2025-06-20,Online,East
884,171,2025-10-21,Partner,East
885,183,2025-10-16,Online,East
886,97,2025-12-17,Partner,East
887,148,2025-03-30,Online,North
888,147,2025-11-04,Online,East
889,91,2025-06-17,Retail,East
890,197,2025-05-03,Online,West
891,185,2025-03-28,Partner,East
892,93,2025-05-02,Online,West
893,180,2026-01-04,Partner,West
894,158,2025-11-28,Online,West
895,127,2025-06-04,Partner,North
896,6,2025-12-20,Retail,East
897,61,2025-07-23,Partner,West
898,138,2025-12-03,Online,South
899,44,2025-02-21,Partner,East
900,102,2025-05-31,Partner,East
901,81,2025-02-13,Partner,South
902,47,2025-02-25,Partner,East
903,147,2026-02-03,Partner,East
904,90,2026-01-07,Partner,South
905,1,2025-11-07,Online,South
906,89,2025-03-31,Partner,North
907,152,2025-11-02,Online,South
908,126,2025-05-17,Retail,South
909,145,2025-12-01,Partner,East
910,128,2025-07-07,Partner,South
911,14,2026-01-26,Retail,North
912,177,2025-04-10,Retail,South
913,12,2025-04-30,Online,North
914,161,2026-01-30,Retail,South
915,175,2026-01-31,Retail,West
916,48,2025-03-24,Partner,South
917,170,2025-10-25,Online,North
918,40,2025-07-09,Partner,South
919,63,2025-12-15,Partner,West
920,1,2025-11-25,Online,East
921,157,2025-06-18,Retail,East
922,77,2025-04-24,Online,East
923,119,2025-08-15,Retail,West
924,55,2025-08-30,Online,East
925,106,2025-03-08,Online,North
926,146,2026-01-17,Online,West
927,22,2025-02-20,Online,South
928,150,2025-09-26,Retail,West
929,137,2025-12-23,Retail,North
930,151,2026-01-28,Retail,East
931,163,2025-07-24,Retail,South
932,134,2025-02-22,Retail,West
933,11,2025-06-29,Partner,East
934,3,2025-11-30,Online,West
935,89,2025-06-23,Partner,North
936,96,2025-03-15,Online,North
937,189,2025-08-03,Partner,South
938,15,2026-02-05,Online,North
939,1,2025-09-19,Partner,North
940,182,2025-10-21,Partner,North
941,180,2025-03-20,Online,North
942,65,2025-08-05,Partner,North
943,82,2025-12-08,Retail,South
944,119,2025-07-26,Retail,East
945,39,2025-12-10,Online,North
946,87,2025-05-22,Online,East
947,91,2025-04-05,Online,West
948,32,2025-12-13,Online,West
949,64,2025-05-28,Retail,North
950,83,2025-12-30,Partner,North
951,100,2025-05-19,Retail,North
952,82,2025-10-16,Retail,North
953,130,2025-07-04,Online,East
954,41,2025-12-11,Retail,West
955,181,2025-12-17,Retail,West
956,123,2025-08-17,Online,West
957,15,2026-02-10,Online,East
958,134,2025-05-04,Partner,North
959,21,2025-09-09,Retail,South
960,166,2026-01-25,Partner,South
961,11,2025-06-02,Online,North
962,127,2025-02-22,Partner,East
963,73,2025-06-26,Partner,West
964,11,2025-08-27,Online,North
965,119,2025-03-09,Partner,North
966,123,2025-11-24,Partner,West
967,71,2025-02-10,Retail,East
968,78,2025-04-23,Retail,East
969,23,2025-06-10,Retail,West
970,120,2025-09-09,Online,South
971,112,2025-11-23,Partner,East
972,121,2025-11-15,Online,West
973,197,2025-07-09,Online,East
974,147,2025-04-22,Online,East
975,140,2025-03-03,Partner,South
976,177,2025-04-05,Online,East
977,178,2025-07-16,Online,East
978,18,2025-06-19,Retail,South
979,174,2025-10-19,Online,East
980,176,2025-10-19,Online,East
981,24,2025-03-24,Online,South
982,173,2025-02-24,Partner,East
983,100,2025-11-11,Partner,South
984,29,2026-01-27,Online,South
985,58,2025-08-03,Partner,East
986,190,2025-12-16,Partner,South
987,18,2025-03-15,Online,West
988,115,2026-01-13,Partner,West
989,150,2025-11-08,Online,West
990,123,2025-05-30,Online,North
991,161,2025-08-14,Online,West
992,158,2025-10-28,Retail,North
993,17,2025-11-24,Online,North
994,167,2025-08-03,Retail,West
995,36,2025-10-08,Retail,South
996,79,2025-05-19,Retail,East
997,183,2025-11-14,Partner,West
998,164,2025-06-16,Online,West
999,118,2025-11-12,Retail,North
1000,141,2025-12-05,Retail,East
1001,100,2025-07-20,Online,North
1002,69,2025-04-16,Online,East
1003,185,2025-07-01,Retail,East
1004,39,2025-02-21,Partner,West
1005,147,2025-12-21,Retail,East
1006,62,2025-10-03,Partner,North
1007,154,2025-08-26,Retail,North
1008,158,2025-08-23,Online,West
1009,130,2025-12-22,Retail,East
1010,7,2026-01-27,Partner,North
1011,147,2025-08-05,Retail,East
1012,23,2025-09-21,Retail,West
1013,154,2025-11-08,Online,South
1014,37,2025-09-21,Retail,North
1015,168,2025-05-11,Retail,East
1016,40,2025-11-10,Online,North
1017,6,2025-10-24,Partner,South
1018,42,2026-01-03,Partner,South
1019,136,2025-10-18,Partner,East
1020,33,2025-02-28,Online,South
1021,167,2025-07-14,Retail,North
1022,96,2025-05-25,Retail,North
1023,132,2025-11-19,Retail,South
1024,162,2025-11-03,Retail,South
1025,10,2026-01-17,Partner,South
1026,37,2025-04-23,Online,South
1027,42,2025-03-01,Retail,East
1028,173,2025-10-20,Online,South
1029,134,2026-01-25,Retail,North
1030,14,2025-12-09,Retail,West
1031,64,2025-10-05,Online,South
1032,40,2025-09-10,Retail,South
1033,63,2025-12-19,Online,West
1034,39,2025-11-13,Retail,East
1035,1,2025-10-09,Online,South
1036,43,2025-07-18,Retail,South
1037,1,2025-05-19,Online,East
1038,25,2025-10-22,Partner,North
1039,108,2025-06-10,Retail,West
1040,38,2025-04-06,Retail,North
1041,112,2025-09-07,Online,West
1042,13,2025-02-26,Retail,East
1043,35,2025-07-27,Partner,East
1044,62,2025-10-30,Partner,East
1045,27,2025-10-15,Partner,North
1046,152,2025-12-20,Partner,North
1047,122,2025-09-11,Retail,North
1048,136,2025-06-07,Online,North
1049,149,2025-05-30,Partner,West
1050,144,2025-07-28,Online,North
1051,123,2025-02-20,Online,North
1052,80,2025-11-14,Partner,South
1053,62,2025-03-15,Retail,North
1054,197,2025-11-10,Retail,South
1055,17,2025-05-04,Online,West
1056,100,2025-09-19,Online,East
1057,169,2025-10-21,Partner,East
1058,81,2025-10-05,Online,North
1059,152,2025-04-20,Retail,East
1060,40,2025-07-03,Retail,East
1061,190,2025-07-13,Retail,South
1062,36,2025-11-05,Partner,South
1063,80,2025-11-18,Partner,South
1064,25,2025-12-08,Online,South
1065,180,2025-04-04,Partner,South
1066,127,2025-11-17,Online,South
1067,181,2025-09-13,Retail,East
1068,177,2025-04-16,Partner,North
1069,179,2025-02-17,Retail,South
1070,114,2026-01-15,Online,North
1071,112,2025-03-07,Retail,South
1072,122,2025-11-08,Online,East
1073,35,2025-02-18,Online,East
1074,17,2025-11-27,Online,North
1075,1,2025-04-27,Online,West
1076,98,2025-10-09,Partner,North
1077,111,2025-11-24,Online,South
1078,53,2025-10-07,Retail,South
1079,57,2025-05-30,Online,West
1080,105,2025-04-12,Retail,East
1081,192,2025-12-29,Online,South
1082,148,2025-07-02,Online,East
1083,45,2025-05-01,Online,South
1084,58,2025-12-23,Online,South
1085,176,2025-09-19,Online,South
1086,28,2025-03-25,Online,North
1087,180,2025-05-06,Retail,West
1088,51,2025-09-05,Retail,East
1089,60,2025-04-15,Online,South
1090,36,2025-06-02,Partner,South
1091,186,2025-02-25,Online,West
1092,113,2025-11-12,Partner,West
1093,7,2025-04-27,Retail,West
1094,134,2025-03-21,Online,North
1095,1,2026-01-14,Retail,North
1096,59,2025-07-24,Retail,South
1097,106,2025-12-15,Partner,East
1098,190,2025-02-12,Retail,West
1099,136,2026-01-07,Online,East
1100,105,2025-07-12,Online,South
1101,200,2025-06-18,Online,East
1102,41,2025-08-10,Retail,West
1103,88,2025-11-15,Partner,North
1104,148,2025-11-08,Partner,South
1105,85,2025-04-19,Retail,South
1106,50,2025-11-06,Retail,West
1107,27,2025-03-28,Online,East
1108,186,2025-03-21,Online,East
1109,7,2025-02-25,Partner,South
1110,164,2026-02-04,Retail,West
1111,35,2025-03-11,Online,West
1112,50,2025-05-08,Partner,North
1113,20,2025-03-29,Retail,South
1114,110,2025-09-20,Partner,South
1115,99,2025-04-29,Partner,East
1116,197,2025-06-01,Retail,West
1117,160,2025-05-28,Partner,West
1118,123,2026-01-17,Partner,North
1119,95,2025-11-26,Partner,South
1120,160,2025-12-27,Retail,East
1121,149,2025-08-25,Partner,North
1122,45,2025-05-18,Online,North
1123,105,2025-12-25,Partner,South
1124,167,2025-06-14,Partner,North
1125,140,2026-01-22,Online,East
1126,26,2026-01-20,Partner,North
1127,103,2025-11-14,Online,North
1128,17,2025-03-10,Online,East
1129,14,2025-09-30,Retail,North
1130,36,2025-09-04,Retail,North
1131,6,2025-09-01,Partner,West
1132,23,2025-04-18,Retail,West
1133,43,2026-01-23,Online,South
1134,76,2025-07-17,Retail,South
1135,111,2025-07-01,Retail,South
1136,37,2025-10-05,Partner,East
1137,189,2025-10-19,Partner,East
1138,46,2025-11-15,Partner,West
1139,117,2025-10-12,Partner,South
1140,58,2025-12-29,Retail,West
1141,115,2025-04-04,Partner,West
1142,152,2025-11-10,Partner,West
1143,10,2025-07-29,Online,North
1144,116,2025-12-27,Partner,East
1145,46,2025-06-10,Partner,East
1146,99,2025-11-14,Online,East
1147,95,2025-03-08,Partner,West
1148,98,2025-12-24,Retail,East
1149,76,2025-05-16,Partner,North
1150,50,2025-11-16,Partner,South
1151,46,2025-08-04,Retail,North
1152,133,2025-06-24,Retail,West
1153,67,2025-06-04,Online,North
1154,13,2025-05-22,Partner,West
1155,108,2025-10-11,Partner,South
1156,39,2026-02-01,Partner,South
1157,122,2025-11-24,Online,North
1158,107,2025-03-11,Retail,East
1159,183,2025-12-21,Retail,North
1160,61,2025-04-18,Partner,South
1161,189,2025-05-14,Partner,South
1162,109,2025-09-27,Partner,East
1163,135,2025-06-01,Online,South
1164,161,2025-07-16,Partner,South
1165,134,2025-06-15,Retail,West
1166,123,2025-10-05,Retail,West
1167,199,2026-01-18,Partner,East
1168,51,2025-09-24,Partner,North
1169,20,2026-01-03,Retail,North
1170,57,2025-05-03,Retail,West
1171,157,2025-04-10,Online,East
1172,182,2025-07-27,Online,North
1173,187,2025-03-09,Partner,North
1174,133,2025-10-25,Partner,East
1175,16,2025-03-02,Online,South
1176,54,2025-11-29,Online,South
1177,24,2025-07-15,Online,East
1178,54,2026-01-27,Partner,East
1179,163,2025-04-28,Partner,North
1180,105,2025-10-06,Partner,North
1181,30,2025-04-08,Retail,East
1182,185,2025-02-26,Retail,North
1183,111,2025-08-23,Retail,North
1184,3,2025-12-02,Partner,West
1185,90,2025-08-23,Online,South
1186,199,2025-03-31,Online,East
1187,141,2025-07-27,Partner,West
1188,158,2025-05-03,Retail,North
1189,88,2025-07-23,Retail,North
1190,9,2025-06-17,Online,South
1191,128,2025-11-25,Partner,East
1192,64,2025-06-18,Retail,South
1193,197,2025-04-11,Partner,South
1194,142,2025-06-07,Online,East
1195,185,2025-04-06,Retail,South
1196,71,2025-10-19,Retail,North
1197,128,2025-02-25,Online,South
1198,180,2025-10-11,Online,South
1199,80,2025-07-29,Partner,South
1200,125,2026-01-17,Retail,South
1201,194,2026-02-03,Partner,West
1202,156,2025-11-07,Retail,North
1203,107,2025-08-24,Partner,West
1204,56,2025-10-16,Retail,South
1205,157,2025-09-26,Online,South
1206,23,2025-09-08,Online,North
1207,140,2025-03-24,Online,West
1208,140,2025-09-02,Retail,West
1209,122,2025-07-23,Retail,South
1210,41,2025-10-29,Retail,West
1211,149,2026-01-19,Retail,South
1212,127,2025-11-19,Partner,North
1213,91,2025-04-05,Retail,East
1214,97,2025-08-25,Partner,North
1215,27,2025-08-26,Online,North
1216,69,2025-11-10,Retail,North
1217,92,2026-01-14,Partner,North
1218,88,2025-05-16,Online,South
1219,32,2025-12-22,Online,East
1220,194,2025-10-15,Partner,South
1221,27,2025-06-05,Retail,North
1222,80,2025-10-27,Retail,West
1223,169,2025-03-07,Online,South
1224,153,2025-11-12,Partner,East
1225,84,2025-08-19,Partner,South
1226,97,2026-01-25,Retail,East
1227,116,2025-07-17,Retail,North
1228,67,2025-09-05,Retail,North
1229,155,2025-12-18,Retail,North
1230,42,2025-05-16,Online,North
1231,103,2025-04-19,Retail,South
1232,2,2025-11-11,Online,South
1233,70,2025-09-26,Online,East
1234,88,2025-06-06,Retail,West
1235,93,2025-06-27,Online,South
1236,74,2025-11-12,Partner,East
1237,183,2025-02-16,Partner,South
1238,66,2025-07-28,Partner,North
1239,84,2025-11-16,Partner,North
1240,113,2025-10-10,Partner,West
1241,159,2025-06-01,Retail,South
1242,62,2026-01-05,Partner,South
1243,146,2025-12-03,Retail,North
1244,192,2025-08-24,Partner,West
1245,61,2025-06-11,Partner,South
1246,146,2025-05-28,Online,South
1247,131,2025-12-30,Partner,East
1248,151,2025-10-29,Online,East
1249,9,2025-02-11,Online,South
1250,112,2025-09-19,Partner,East
1251,139,2025-07-25,Online,East
1252,145,2025-12-25,Retail,North
1253,95,2025-12-09,Retail,North
1254,34,2025-09-18,Partner,West
1255,119,2025-08-13,Retail,West
1256,172,2025-04-21,Retail,West
1257,37,2025-12-15,Retail,West
1258,82,2025-09-20,Partner,North
1259,128,2025-02-10,Partner,South
1260,105,2025-06-30,Online,East
1261,157,2025-07-27,Partner,West
1262,47,2025-05-03,Partner,West
1263,24,2025-04-10,Partner,West
1264,169,2025-03-26,Retail,North
1265,81,2026-01-24,Online,South
1266,146,2025-11-04,Retail,East
1267,80,2025-11-12,Online,North
1268,91,2025-11-24,Partner,East
1269,113,2025-06-21,Partner,North
1270,50,2025-12-08,Partner,North
1271,104,2025-04-21,Partner,South
1272,102,2025-05-02,Online,North
1273,197,2025-07-26,Online,South
1274,154,2026-01-27,Online,North
1275,95,2025-06-09,Retail,West
1276,171,2025-04-20,Online,East
1277,82,2025-04-07,Retail,North
1278,87,2025-02-26,Retail,West
1279,181,2025-05-18,Online,East
1280,56,2025-07-15,Partner,South
1281,55,2025-09-17,Online,West
1282,25,2025-06-03,Partner,West
1283,4,2026-01-05,Online,East
1284,79,2025-12-04,Partner,West
1285,56,2025-05-03,Partner,West
1286,81,2025-06-20,Online,East
1287,170,2025-11-30,Partner,North
1288,147,2025-03-02,Partner,East
1289,143,2025-09-09,Partner,West
1290,158,2025-02-13,Retail,West
1291,80,2025-05-06,Retail,South
1292,118,2025-08-18,Retail,North
1293,178,2025-12-12,Online,South
1294,18,2025-08-09,Partner,South
1295,146,2025-10-05,Partner,East
1296,61,2025-10-13,Partner,North
1297,131,2025-12-04,Retail,North
1298,35,2026-01-15,Online,South
1299,148,2025-12-15,Partner,North
1300,33,2025-02-28,Partner,North
1301,34,2025-04-17,Partner,East
1302,65,2025-08-31,Online,South
1303,113,2025-10-01,Retail,West
1304,11,2025-05-02,Partner,North
1305,71,2025-03-16,Partner,East
1306,118,2025-03-02,Retail,North
1307,111,2025-08-29,Online,West
1308,66,2025-05-31,Retail,North
1309,137,2025-10-20,Partner,South
1310,118,2025-05-16,Retail,South
1311,172,2025-11-07,Retail,East
1312,200,2025-08-28,Partner,West
1313,70,2025-08-30,Retail,East
1314,21,2025-05-11,Retail,West
1315,37,2025-07-25,Retail,East
1316,32,2025-07-06,Online,West
1317,27,2026-01-24,Online,South
1318,93,2026-01-12,Retail,North
1319,190,2025-04-26,Online,East
1320,40,2025-09-22,Partner,South
1321,169,2025-03-05,Online,South
1322,119,2026-01-15,Online,South
1323,32,2025-05-22,Retail,West
1324,64,2025-08-05,Online,West
1325,177,2026-01-31,Online,West
1326,102,2025-03-28,Online,East
1327,31,2025-10-26,Online,North
1328,181,2025-03-27,Retail,East
1329,177,2025-04-29,Online,North
1330,159,2025-08-01,Online,West
1331,63,2025-03-16,Partner,South
1332,57,2025-08-26,Online,East
1333,147,2025-10-10,Partner,West
1334,19,2025-03-21,Partner,West
1335,141,2025-10-22,Retail,North
1336,65,2025-05-07,Retail,North
1337,25,2025-04-20,Partner,South
1338,146,2026-01-07,Retail,East
1339,43,2025-09-16,Retail,East
1340,173,2025-02-24,Retail,West
1341,132,2026-01-20,Partner,West
1342,199,2025-08-07,Retail,East
1343,119,2025-08-31,Retail,West
1344,6,2025-09-06,Online,West
1345,21,2025-04-07,Partner,West
1346,120,2025-02-14,Online,West
1347,159,2025-11-23,Partner,West
1348,155,2025-12-08,Online,North
1349,44,2025-04-25,Online,South
1350,3,2025-11-29,Retail,North
1351,195,2025-03-04,Retail,West
1352,10,2025-06-15,Online,South
1353,37,2025-08-11,Online,North
1354,101,2025-08-11,Partner,East
1355,21,2025-11-30,Partner,North
1356,49,2025-06-22,Partner,West
1357,9,2025-06-17,Online,West
1358,139,2025-02-24,Online,West
1359,166,2026-01-15,Retail,East
1360,13,2025-05-04,Online,West
1361,85,2025-09-03,Partner,South
1362,113,2025-03-16,Partner,South
1363,45,2025-07-02,Partner,West
1364,44,2025-06-10,Online,North
1365,24,2025-09-30,Partner,North
1366,67,2026-01-14,Partner,East
1367,83,2025-06-23,Retail,South
1368,17,2025-05-13,Online,West
1369,48,2025-04-02,Online,South
1370,11,2025-06-10,Partner,West
1371,65,2026-01-31,Retail,North
1372,39,2025-04-24,Online,East
1373,50,2025-05-20,Partner,South
1374,197,2025-10-27,Partner,West
1375,128,2025-06-21,Partner,North
1376,41,2025-08-12,Partner,North
1377,139,2025-03-24,Online,North
1378,39,2025-12-10,Retail,South
1379,152,2025-07-22,Retail,East
1380,186,2025-07-11,Partner,North
1381,160,2025-10-31,Online,West
1382,168,2025-11-12,Online,South
1383,45,2025-03-21,Retail,West
1384,138,2025-03-11,Retail,West
1385,123,2025-06-15,Retail,West
1386,38,2025-05-12,Online,North
1387,56,2025-04-08,Retail,East
1388,25,2026-01-09,Online,North
1389,111,2025-09-14,Retail,South
1390,50,2025-11-15,Retail,North
1391,46,2025-06-28,Online,North
1392,63,2025-06-06,Online,North
1393,64,2025-09-20,Partner,West
1394,41,2025-05-23,Online,North
1395,90,2025-05-16,Retail,South
1396,64,2025-03-20,Partner,North
1397,170,2025-10-22,Online,South
1398,157,2025-08-10,Partner,South
1399,88,2025-07-26,Online,West
1400,109,2025-12-09,Retail,South
1401,20,2025-10-28,Online,West
1402,133,2025-12-29,Retail,North
1403,170,2026-01-03,Partner,East
1404,42,2025-09-02,Online,East
1405,16,2025-02-19,Partner,North
1406,85,2025-10-15,Retail,North
1407,185,2025-08-28,Partner,East
1408,5,2025-08-12,Retail,West
1409,113,2025-11-14,Partner,West
1410,110,2025-08-19,Partner,South
1411,65,2025-04-18,Partner,South
1412,157,2025-12-12,Retail,East
1413,85,2025-06-10,Online,West
1414,60,2025-11-10,Online,West
1415,86,2025-08-07,Online,South
1416,24,2025-03-16,Partner,East
1417,138,2026-01-04,Partner,North
1418,84,2025-10-18,Retail,South
1419,164,2025-05-30,Retail,North
1420,180,2025-11-29,Retail,North
1421,136,2025-06-01,Retail,South
1422,154,2025-05-14,Retail,South
1423,178,2025-07-16,Retail,West
1424,28,2025-08-11,Retail,East
1425,152,2025-09-01,Partner,South
1426,88,2025-03-08,Partner,South
1427,88,2025-10-13,Online,South
1428,199,2025-11-01,Retail,East
1429,113,2025-12-05,Retail,South
1430,4,2025-07-28,Partner,West
1431,27,2025-03-24,Online,North
1432,138,2025-04-09,Online,North
1433,109,2025-09-14,Partner,North
1434,194,2025-10-05,Partner,South
1435,33,2025-11-30,Retail,West
1436,16,2026-01-29,Partner,West
1437,128,2025-05-26,Retail,East
1438,146,2025-06-15,Online,West
1439,24,2025-08-16,Partner,West
1440,101,2026-01-23,Partner,South
1441,140,2025-12-11,Retail,East
1442,160,2026-02-01,Retail,West
1443,32,2025-03-01,Online,South
1444,131,2025-04-03,Retail,West
1445,108,2025-10-21,Retail,West
1446,35,2025-10-19,Online,East
1447,199,2025-02-27,Online,West
1448,114,2026-01-09,Partner,West
1449,102,2025-04-19,Retail,West
1450,9,2026-01-10,Retail,East
1451,200,2025-06-12,Partner,South
1452,26,2025-12-31,Online,North
1453,105,2025-05-25,Online,North
1454,137,2025-12-25,Online,South
1455,39,2025-11-16,Retail,East
1456,101,2025-09-10,Partner,North
1457,150,2025-02-25,Online,West
1458,49,2025-02-27,Partner,East
1459,121,2025-03-20,Partner,East
1460,122,2025-02-13,Retail,West
1461,166,2025-09-01,Online,North
1462,122,2025-05-13,Retail,South
1463,121,2025-09-07,Online,East
1464,149,2025-03-28,Online,East
1465,3,2025-10-24,Partner,West
1466,126,2025-07-09,Partner,North
1467,147,2025-11-07,Online,East
1468,82,2025-06-30,Retail,North
1469,176,2025-04-26,Online,West
1470,117,2025-06-12,Partner,South
1471,173,2025-11-09,Partner,East
1472,132,2025-07-01,Partner,North
1473,134,2025-03-25,Retail,South
1474,8,2025-09-26,Retail,East
1475,24,2026-01-28,Partner,North
1476,37,2025-02-27,Partner,West
1477,3,2025-07-10,Online,North
1478,30,2025-02-26,Online,East
1479,146,2025-12-28,Retail,South
1480,58,2025-06-22,Retail,East
1481,113,2025-09-12,Online,West
1482,108,2025-03-24,Retail,East
1483,40,2025-04-17,Retail,South
1484,131,2025-07-15,Partner,East
1485,40,2025-04-07,Online,South
1486,169,2026-01-29,Retail,West
1487,127,2025-05-21,Partner,South
1488,138,2025-02-21,Retail,East
1489,22,2025-05-16,Online,South
1490,191,2025-11-07,Retail,South
1491,52,2025-05-04,Online,North
1492,160,2025-12-16,Online,South
1493,54,2025-07-12,Retail,South
1494,107,2025-03-05,Partner,South
1495,85,2025-08-15,Online,South
1496,136,2025-05-05,Partner,South
1497,134,2025-02-11,Retail,North
1498,34,2025-05-24,Partner,East
1499,28,2025-02-13,Online,West
1500,42,2025-04-13,Retail,South
1501,112,2025-12-24,Partner,South
1502,105,2025-07-12,Online,East
1503,51,2025-08-15,Online,West
1504,148,2025-04-21,Retail,West
1505,100,2026-02-02,Retail,East
1506,1,2025-07-26,Online,South
1507,82,2025-10-09,Online,West
1508,96,2025-11-25,Retail,South
1509,5,2025-04-29,Retail,West
1510,119,2025-04-13,Retail,East
1511,79,2025-06-06,Partner,South
1512,172,2025-05-13,Retail,South
1513,116,2025-05-16,Partner,West
1514,3,2025-09-26,Partner,East
1515,103,2025-10-11,Retail,North
1516,133,2025-11-04,Retail,North
1517,176,2025-11-05,Partner,North
1518,106,2025-09-28,Online,East
1519,192,2025-04-17,Retail,North
1520,119,2025-08-18,Partner,East
1521,60,2025-02-26,Retail,North
1522,54,2025-12-06,Online,North
1523,141,2025-02-17,Online,West
1524,19,2025-09-28,Retail,South
1525,9,2025-07-09,Partner,North
1526,113,2025-05-02,Partner,West
1527,84,2025-04-06,Partner,North
1528,184,2025-09-12,Retail,East
1529,96,2025-02-21,Retail,South
1530,153,2025-03-05,Online,North
1531,61,2025-12-24,Online,West
1532,43,2025-06-15,Retail,South
1533,89,2025-03-12,Online,North
1534,73,2026-01-31,Online,North
1535,110,2025-04-18,Online,South
1536,114,2025-07-30,Partner,East
1537,118,2025-07-18,Partner,West
1538,160,2025-04-01,Partner,North
1539,33,2025-09-14,Retail,East
1540,109,2025-04-12,Retail,North
1541,69,2025-07-21,Online,West
1542,91,2026-01-29,Online,West
1543,133,2025-09-24,Retail,East
1544,40,2025-03-29,Partner,North
1545,127,2025-03-03,Retail,East
1546,184,2025-11-14,Partner,West
1547,35,2025-09-05,Online,South
1548,3,2025-04-05,Partner,North
1549,47,2026-01-06,Online,South
1550,153,2025-02-15,Online,East
1551,123,2025-07-05,Partner,South
1552,189,2025-03-25,Partner,North
1553,24,2025-03-26,Partner,North
1554,15,2025-10-10,Retail,North
1555,169,2025-04-26,Online,South
1556,67,2025-07-04,Partner,South
1557,93,2025-10-12,Retail,South
1558,131,2025-11-18,Retail,South
1559,49,2025-05-09,Retail,North
1560,114,2025-07-17,Retail,West
1561,89,2025-09-17,Retail,North
1562,72,2026-01-28,Retail,North
1563,153,2025-08-02,Online,West
1564,149,2025-06-02,Retail,South
1565,68,2025-07-01,Online,East
1566,193,2025-09-29,Partner,West
1567,192,2025-12-18,Partner,South
1568,148,2025-04-07,Online,West
1569,9,2025-08-01,Online,North
1570,166,2025-09-23,Partner,North
1571,141,2025-04-20,Online,North
1572,195,2025-07-28,Partner,South
1573,164,2025-07-25,Online,West
1574,103,2025-05-04,Partner,South
1575,197,2025-05-25,Online,East
1576,137,2025-09-14,Retail,West
1577,176,2026-01-16,Online,South
1578,92,2025-11-26,Partner,East
1579,60,2025-11-24,Partner,West
1580,107,2025-10-09,Partner,South
1581,198,2025-12-04,Partner,North
1582,164,2025-03-15,Retail,North
1583,169,2025-12-03,Retail,North
1584,4,2025-11-22,Online,North
1585,163,2025-05-10,Retail,North
1586,2,2025-03-23,Online,South
1587,24,2025-04-30,Online,East
1588,1,2025-04-18,Retail,North
1589,95,2025-07-02,Partner,South
1590,184,2025-11-28,Retail,East
1591,33,2025-06-08,Retail,South
1592,35,2025-03-07,Retail,North
1593,154,2026-01-12,Online,North
1594,116,2025-12-19,Online,West
1595,191,2025-05-18,Partner,South
1596,103,2025-04-26,Partner,South
1597,53,2025-11-01,Partner,East
1598,77,2025-05-02,Partner,North
1599,146,2025-10-16,Retail,East
1600,63,2025-12-28,Online,East
1601,169,2025-05-20,Retail,West
1602,12,2025-04-26,Partner,West
1603,141,2025-12-18,Online,West
1604,19,2025-10-09,Partner,South
1605,1,2025-08-05,Retail,South
1606,101,2026-01-18,Retail,North
1607,195,2025-06-17,Partner,North
1608,197,2025-03-02,Online,West
1609,53,2025-05-25,Partner,North
1610,130,2025-03-09,Retail,East
1611,124,2025-03-03,Partner,North
1612,24,2025-11-13,Partner,West
1613,86,2025-11-12,Retail,West
1614,154,2025-10-08,Partner,South
1615,100,2025-03-19,Partner,West
1616,105,2025-05-13,Online,West
1617,103,2025-03-06,Retail,South
1618,31,2025-02-15,Online,South
1619,60,2025-04-08,Partner,North
1620,36,2025-03-04,Retail,West
1621,196,2025-07-29,Retail,East
1622,127,2025-03-08,Retail,East
1623,104,2025-02-18,Online,North
1624,109,2025-10-22,Online,West
1625,15,2026-02-08,Retail,West
1626,195,2026-01-05,Partner,East
1627,161,2026-01-19,Partner,East
1628,165,2025-04-02,Partner,North
1629,177,2026-02-06,Partner,East
1630,144,2025-04-19,Retail,North
1631,113,2025-10-10,Online,North
1632,6,2025-12-01,Online,West
1633,195,2025-05-10,Partner,West
1634,85,2025-07-24,Online,West
1635,57,2025-04-14,Online,South
1636,107,2025-10-27,Partner,South
1637,160,2025-10-25,Retail,North
1638,122,2025-08-16,Partner,North
1639,163,2025-09-04,Retail,East
1640,153,2025-10-16,Partner,North
1641,174,2025-10-16,Partner,West
1642,76,2025-05-31,Online,North
1643,181,2025-11-10,Partner,South
1644,59,2025-06-18,Online,South
1645,36,2025-05-19,Partner,West
1646,53,2025-09-28,Partner,East
1647,18,2025-08-27,Partner,South
1648,101,2025-02-22,Partner,West
1649,16,2025-11-30,Online,East
1650,108,2025-07-25,Retail,West
1651,2,2025-02-13,Online,East
1652,67,2025-03-17,Partner,East
1653,121,2025-03-03,Partner,South
1654,188,2025-03-06,Partner,North
1655,69,2026-01-18,Partner,South
1656,135,2025-02-16,Retail,West
1657,193,2026-01-29,Retail,West
1658,65,2025-06-28,Online,South
1659,5,2025-10-07,Online,West
1660,137,2025-09-21,Retail,West
1661,102,2026-02-01,Partner,West
1662,44,2025-09-17,Online,West
1663,55,2026-01-12,Partner,South
1664,145,2025-07-19,Retail,South
1665,59,2025-10-09,Partner,South
1666,183,2025-11-14,Partner,East
1667,115,2025-12-04,Retail,West
1668,81,2025-05-24,Partner,South
1669,196,2026-02-09,Partner,East
1670,53,2025-11-05,Online,North
1671,61,2025-12-10,Retail,South
1672,189,2025-03-27,Partner,South
1673,131,2025-04-19,Online,East
1674,10,2025-04-11,Online,East
1675,12,2025-06-14,Partner,West
1676,158,2025-09-09,Partner,North
1677,197,2025-05-08,Partner,North
1678,175,2025-07-22,Retail,South
1679,68,2025-03-04,Retail,West
1680,199,2025-11-10,Partner,South
1681,159,2025-09-26,Partner,South
1682,68,2025-09-08,Retail,West
1683,186,2025-09-16,Retail,South
1684,82,2025-10-13,Online,East
1685,199,2025-05-27,Partner,South
1686,59,2025-06-06,Online,West
1687,89,2025-12-27,Partner,West
1688,140,2025-07-05,Partner,South
1689,166,2025-07-06,Online,North
1690,74,2025-02-23,Partner,North
1691,30,2025-11-22,Online,East
1692,72,2025-05-10,Online,North
1693,19,2025-05-27,Partner,East
1694,31,2025-06-30,Retail,South
1695,98,2025-06-01,Online,West
1696,7,2025-05-31,Partner,West
1697,17,2025-05-27,Retail,West
1698,60,2025-03-15,Retail,West
1699,67,2026-02-01,Partner,East
1700,96,2025-10-25,Online,South
1701,22,2025-07-19,Online,South
1702,20,2025-11-17,Retail,South
1703,82,2025-09-14,Retail,North
1704,63,2025-03-18,Retail,West
1705,48,2025-10-25,Retail,West
1706,7,2025-09-04,Retail,East
1707,190,2025-12-08,Partner,North
1708,53,2025-11-02,Online,North
1709,34,2025-05-15,Partner,North
1710,25,2026-01-15,Partner,South
1711,54,2025-06-04,Partner,South
1712,55,2025-05-02,Online,West
1713,157,2025-09-24,Retail,South
1714,187,2025-12-05,Retail,North
1715,92,2025-09-05,Online,West
1716,41,2025-08-18,Online,South
1717,171,2025-06-09,Retail,North
1718,21,2025-05-01,Partner,East
1719,106,2025-04-02,Retail,North
1720,173,2025-10-24,Online,South
1721,199,2025-02-12,Online,West
1722,102,2025-05-15,Retail,West
1723,49,2025-12-13,Online,East
1724,56,2025-08-31,Partner,West
1725,154,2025-04-07,Online,South
1726,70,2025-06-29,Online,East
1727,19,2025-09-20,Retail,North
1728,27,2025-09-03,Online,West
1729,192,2025-03-19,Partner,South
1730,78,2025-11-20,Retail,North
1731,16,2026-02-01,Retail,South
1732,181,2025-04-01,Partner,West
1733,42,2025-11-03,Partner,South
1734,55,2025-09-21,Retail,West
1735,169,2025-08-23,Online,West
1736,22,2025-07-31,Online,West
1737,100,2025-03-16,Retail,West
1738,73,2025-10-17,Partner,South
1739,95,2025-04-05,Partner,West
1740,35,2026-01-10,Retail,East
1741,97,2025-10-28,Partner,East
1742,105,2025-11-14,Partner,South
1743,32,2025-08-08,Partner,North
1744,138,2025-07-02,Retail,West
1745,70,2025-03-29,Online,West
1746,38,2025-05-05,Partner,North
1747,126,2025-11-21,Online,East
1748,195,2025-03-30,Partner,West
1749,157,2025-06-04,Online,East
1750,173,2025-06-06,Retail,South
1751,185,2025-09-04,Partner,South
1752,195,2025-07-02,Online,South
1753,108,2025-10-03,Online,North
1754,15,2025-04-22,Retail,North
1755,158,2025-12-21,Online,East
1756,62,2025-04-23,Retail,North
1757,79,2025-04-07,Partner,West
1758,45,2025-10-23,Partner,East
1759,16,2025-06-12,Online,North
1760,22,2025-07-24,Partner,North
1761,7,2025-07-14,Online,East
1762,91,2025-02-26,Online,South
1763,12,2025-09-12,Online,South
1764,96,2025-12-23,Online,East
1765,180,2025-10-20,Online,West
1766,35,2025-06-09,Online,East
1767,51,2026-01-22,Partner,South
1768,108,2026-02-09,Retail,West
1769,18,2025-04-15,Online,North
1770,7,2025-08-26,Partner,East
1771,185,2025-07-05,Partner,West
1772,146,2025-11-12,Partner,North
1773,98,2025-08-23,Partner,North
1774,175,2025-10-22,Retail,West
1775,95,2025-03-14,Online,East
1776,173,2025-08-29,Retail,East
1777,149,2025-04-17,Partner,East
1778,183,2025-10-20,Online,North
1779,29,2025-07-14,Retail,West
1780,127,2025-10-04,Partner,South
1781,118,2025-02-22,Online,North
1782,125,2025-09-02,Partner,East
1783,172,2025-04-22,Partner,East
1784,185,2026-01-22,Partner,West
1785,155,2025-09-05,Retail,South
1786,154,2025-04-19,Online,West
1787,20,2025-04-06,Retail,West
1788,74,2025-06-20,Partner,South
1789,90,2025-09-05,Retail,West
1790,134,2025-12-31,Partner,South
1791,27,2025-09-04,Partner,West
1792,135,2026-01-31,Partner,North
1793,113,2025-08-11,Partner,North
1794,86,2025-11-11,Online,West
1795,181,2025-04-27,Partner,West
1796,100,2025-09-02,Partner,North
1797,12,2025-03-16,Partner,West
1798,111,2025-12-10,Partner,North
1799,28,2025-06-12,Online,East
1800,164,2025-10-01,Online,North
1801,100,2025-05-22,Online,South
1802,37,2025-07-02,Online,North
1803,25,2025-12-23,Partner,East
1804,28,2025-08-21,Retail,East
1805,74,2025-06-26,Online,South
1806,160,2026-02-05,Online,East
1807,108,2025-03-07,Online,West
1808,9,2025-04-19,Retail,West
1809,48,2025-04-06,Retail,East
1810,24,2025-10-21,Partner,North
1811,11,2025-02-27,Partner,North
1812,78,2026-01-17,Partner,East
1813,197,2025-08-02,Retail,North
1814,61,2025-07-23,Retail,North
1815,114,2025-11-03,Online,South
1816,194,2025-05-13,Partner,South
1817,134,2025-03-16,Retail,West
1818,3,2025-12-20,Retail,East
1819,192,2025-07-17,Online,East
1820,56,2025-09-07,Online,East
1821,3,2025-11-28,Partner,North
1822,145,2025-11-11,Online,North
1823,49,2025-11-22,Retail,South
1824,150,2025-05-17,Partner,South
1825,21,2026-01-07,Online,West
1826,13,2025-12-27,Online,South
1827,165,2025-10-27,Retail,South
1828,163,2025-11-24,Online,East
1829,67,2025-05-09,Retail,East
1830,7,2026-02-02,Retail,East
1831,101,2026-01-15,Partner,West
1832,186,2025-03-15,Retail,East
1833,170,2025-08-09,Partner,East
1834,40,2025-02-25,Partner,East
1835,153,2026-01-29,Retail,South
1836,103,2025-10-05,Online,South
1837,195,2025-05-21,Partner,South
1838,17,2025-09-13,Online,West
1839,119,2025-12-12,Retail,North
1840,29,2025-04-23,Online,West
1841,136,2025-05-19,Partner,West
1842,21,2025-10-12,Partner,West
1843,28,2025-09-10,Retail,North
1844,96,2025-09-14,Partner,North
1845,147,2025-06-09,Online,East
1846,191,2025-10-20,Online,West
1847,113,2025-06-06,Partner,South
1848,79,2025-10-25,Retail,South
1849,185,2025-06-11,Online,North
1850,152,2025-02-22,Partner,West
1851,10,2026-01-27,Partner,North
1852,37,2026-01-26,Partner,South
1853,40,2025-05-01,Online,North
1854,1,2025-09-24,Partner,West
1855,3,2025-05-11,Online,North
1856,103,2025-09-29,Retail,South
1857,105,2026-01-26,Partner,East
1858,63,2025-11-18,Partner,North
1859,169,2025-11-17,Online,West
1860,186,2026-01-02,Retail,North
1861,152,2026-02-06,Retail,East
1862,144,2025-08-15,Online,West
1863,96,2025-03-23,Online,South
1864,113,2025-09-26,Partner,South
1865,118,2025-04-01,Online,East
1866,98,2025-05-11,Retail,East
1867,200,2025-03-31,Partner,West
1868,102,2025-11-09,Partner,East
1869,138,2025-11-26,Retail,East
1870,1,2025-02-24,Retail,North
1871,30,2026-01-14,Partner,North
1872,116,2025-05-08,Online,North
1873,86,2026-01-22,Retail,West
1874,133,2025-03-30,Partner,South
1875,105,2025-06-14,Online,East
1876,191,2025-09-10,Online,East
1877,179,2025-03-06,Online,North
1878,90,2025-05-17,Partner,North
1879,108,2025-04-12,Online,South
1880,96,2025-11-01,Retail,North
1881,188,2025-06-01,Partner,North
1882,83,2025-11-22,Online,West
1883,92,2025-06-22,Online,North
1884,93,2025-12-03,Partner,East
1885,118,2025-10-15,Partner,North
1886,50,2025-09-17,Retail,South
1887,25,2026-01-28,Partner,North
1888,188,2025-06-10,Retail,West
1889,40,2026-01-18,Partner,South
1890,113,2025-09-08,Retail,South
1891,87,2025-09-11,Retail,South
1892,176,2025-12-31,Partner,South
1893,62,2025-10-13,Retail,East
1894,161,2025-11-14,Online,South
1895,155,2025-06-07,Online,West
1896,66,2025-03-01,Partner,East
1897,6,2025-09-28,Retail,North
1898,70,2025-10-13,Partner,South
1899,154,2025-03-31,Retail,East
1900,141,2025-10-28,Retail,North
1901,149,2025-06-22,Retail,South
1902,135,2025-06-23,Partner,East
1903,108,2025-09-19,Partner,West
1904,109,2025-02-20,Partner,South
1905,72,2025-07-25,Online,West
1906,151,2025-05-06,Retail,East
1907,15,2026-01-25,Online,West
1908,63,2025-09-06,Partner,South
1909,167,2025-05-27,Online,West
1910,65,2025-07-15,Partner,West
1911,60,2025-04-04,Partner,South
1912,115,2025-06-02,Online,East
1913,114,2025-11-12,Retail,South
1914,151,2025-08-10,Online,East
1915,123,2025-09-13,Retail,West
1916,77,2025-03-27,Online,West
1917,39,2025-06-13,Partner,West
1918,106,2025-09-18,Online,South
1919,189,2025-03-22,Online,South
1920,177,2025-12-13,Partner,East
1921,80,2025-07-16,Retail,East
1922,141,2025-04-26,Partner,South
1923,184,2025-05-05,Partner,North
1924,5,2025-07-21,Retail,East
1925,18,2025-05-31,Online,East
1926,1,2025-05-17,Retail,West
1927,22,2025-11-12,Partner,East
1928,96,2025-05-21,Retail,East
1929,126,2025-11-18,Partner,West
1930,97,2025-07-29,Retail,South
1931,188,2025-03-10,Online,South
1932,148,2025-10-05,Partner,North
1933,45,2025-03-14,Partner,West
1934,51,2025-06-17,Online,West
1935,113,2025-11-09,Online,South
1936,141,2025-07-15,Partner,West
1937,153,2025-12-09,Online,North
1938,178,2025-08-24,Partner,East
1939,163,2025-10-23,Retail,East
1940,136,2025-05-20,Partner,West
1941,142,2025-12-28,Retail,South
1942,127,2025-04-16,Retail,North
1943,12,2025-07-07,Partner,South
1944,68,2025-09-28,Retail,West
1945,163,2025-10-25,Partner,West
1946,131,2025-10-29,Retail,East
1947,152,2025-02-21,Online,South
1948,21,2025-12-02,Partner,South
1949,187,2025-06-15,Partner,North
1950,122,2025-05-31,Partner,South
1951,152,2025-05-06,Retail,North
1952,63,2025-08-20,Online,South
1953,57,2025-10-13,Retail,West
1954,138,2026-02-07,Retail,West
1955,135,2025-08-26,Partner,North
1956,19,2025-08-12,Partner,East
1957,90,2025-10-26,Online,South
1958,195,2025-07-27,Partner,East
1959,79,2026-01-15,Partner,North
1960,51,2025-07-13,Partner,South
1961,192,2025-06-13,Retail,East
1962,125,2025-06-26,Partner,East
1963,160,2025-11-30,Online,South
1964,173,2025-10-22,Retail,West
1965,69,2025-07-07,Partner,East
1966,124,2025-08-04,Online,South
1967,139,2025-05-12,Partner,North
1968,164,2025-07-16,Online,East
1969,54,2025-08-13,Partner,East
1970,124,2025-04-19,Online,West
1971,85,2026-01-08,Retail,East
1972,90,2025-11-19,Online,West
1973,199,2025-05-20,Retail,North
1974,120,2025-04-03,Retail,East
1975,128,2025-07-05,Retail,East
1976,100,2025-04-02,Online,South
1977,111,2026-02-03,Partner,North
1978,125,2025-06-12,Retail,West
1979,13,2025-12-16,Retail,West
1980,81,2025-10-13,Partner,East
1981,199,2025-12-28,Retail,West
1982,100,2025-09-17,Partner,South
1983,43,2025-03-20,Retail,North
1984,86,2025-12-23,Retail,East
1985,74,2025-03-21,Online,South
1986,114,2025-09-17,Partner,West
1987,67,2025-08-24,Partner,North
1988,16,2025-03-31,Online,North
1989,108,2026-01-14,Partner,East
1990,128,2025-04-26,Online,West
1991,120,2025-07-12,Online,South
1992,166,2025-02-17,Online,West
1993,142,2025-03-17,Partner,West
1994,44,2025-09-03,Online,North
1995,94,2025-07-01,Partner,South
1996,77,2025-05-19,Partner,South
1997,22,2025-10-13,Retail,West
1998,39,2025-11-15,Online,North
1999,181,2025-10-14,Partner,South
2000,180,2025-02-23,Online,South
